Title,Author,Price,Rank,Time,Publication Date,ISBN
HmuhsjWAf,LGCVYBceL,22,0,2023-08-10 20:48:44,iauFXHFVl,8020979184
PqZyLWuzu,frBAESBjR,55,1,2023-08-10 20:48:44,YcEgXYqee,5751928419
OoECfFZPz,FEikQOheg,10,6,2023-08-10 20:48:44,pJQWlgeel,1609013925
HxdgTVlKD,TxIJOSuMl,43,0,2023-08-10 20:48:44,IwiBMshIh,1655835804
bFSXnbCyO,IwVGJiRhn,41,7,2023-08-10 20:48:44,eyknpBzBV,0433208533
yGfemWnHt,uoeWiHbVV,23,5,2023-08-10 20:48:44,KdSGHjaiM,5488148278
sZIfAmovb,FTjZRCZoj,91,1,2023-08-10 20:48:44,xzSTbycUb,8721045205
DLUybyVNI,xeKGYvRAG,00,0,2023-08-10 20:48:44,ZfImOEEsm,0037986354
CeZPSkqHL,kKixgmByZ,45,8,2023-08-10 20:48:44,VALddSikM,2311701767
cWcClHBRd,SxKjKmiAw,44,0,2023-08-10 20:48:44,vNdFldWrw,9973957653
